Scenario,Budget,LT Revenue,ST Revenue,Total Revenue,Predicted Revenue,Region,Brand
region: Mexico brand: Nesquik budget: 100000,100000.0,117307.79340470604,113612.37798620251,230920.17139090854,367578.5878396408,Mexico,Nesquik
region: Mexico brand: Nesquik budget: 1000000,1000000.0000090235,404348.720742471,787472.2281673762,1191820.9489098473,1821247.597226841,Mexico,Nesquik
region: Mexico brand: Nesquik budget: 1100000,1100000.0000000002,424155.4271416241,828603.1938436634,1252758.6209852875,1877720.0400845152,Mexico,Nesquik
region: Mexico brand: Nesquik budget: 1200000,1199999.9999999234,443954.0923995835,867124.3851712138,1311078.4775707973,1924545.8407100865,Mexico,Nesquik
region: Mexico brand: Nesquik budget: 1300000,1300000.0000000002,463744.67559886054,903272.160950674,1367016.8365495345,1963372.8418642562,Mexico,Nesquik
region: Mexico brand: Nesquik budget: 1400000,1400000.0000000002,483527.12817765825,937257.4819378714,1420784.6101155297,1995567.4012414005,Mexico,Nesquik
region: Mexico brand: Nesquik budget: 1500000,1500000.0000000005,503301.3926910706,969268.9211686708,1472570.3138597414,2022262.4748416974,Mexico,Nesquik
region: Mexico brand: Nesquik budget: 1600000,1600000.0000000002,523067.4041607852,999475.2929615335,1522542.6971223187,2044397.4867291767,Mexico,Nesquik
region: Mexico brand: Nesquik budget: 1700000,1700000.0000003648,542825.0942346427,1028027.9500799382,1570853.044314581,2062751.3882241342,Mexico,Nesquik
region: Mexico brand: Nesquik budget: 1800000,1800000.0000039968,562574.3978644961,1055062.7923116516,1617637.1901761477,2077970.0699130201,Mexico,Nesquik
region: Mexico brand: Nesquik budget: 1900000,1900000.0000009425,582315.2191940346,1080702.066886883,1663017.2860809176,2090589.0911270597,Mexico,Nesquik
region: Mexico brand: Nesquik budget: 200000,200000.0,226677.4678289835,224403.53361431803,451081.00144330156,672367.2740683588,Mexico,Nesquik
region: Mexico brand: Nesquik budget: 2000000,2000000.0000000303,602047.4781571563,1105055.8714843723,1707103.3496415284,2101052.5267695463,Mexico,Nesquik
region: Mexico brand: Nesquik budget: 2100000,2100000.0000000256,621771.0867991939,1128223.5386278753,1749994.6254270691,2109728.5947137857,Mexico,Nesquik
region: Mexico brand: Nesquik budget: 2200000,2200000.0000006384,641485.9548771911,1150294.8261382831,1791780.7810154743,2116922.6137286364,Mexico,Nesquik
region: Mexico brand: Nesquik budget: 2300000,2299999.999999533,661191.8907771173,1171351.068540192,1832542.9593173093,2122887.747925084,Mexico,Nesquik
region: Mexico brand: Nesquik budget: 2400000,2399999.9999999055,680889.1042593073,1191465.601153381,1872354.7054126882,2127833.915833359,Mexico,Nesquik
region: Mexico brand: Nesquik budget: 2500000,2500000.000000047,700577.2324211636,1210705.551169451,1911282.7835906148,2131935.1776274308,Mexico,Nesquik
region: Mexico brand: Nesquik budget: 2600000,2600000.0000010747,720256.346234008,1229131.5522818896,1949387.8985158976,2135335.860462227,Mexico,Nesquik
region: Mexico brand: Nesquik budget: 2700000,2700000.000000073,739926.154129655,1246799.1781704435,1986725.3323000986,2138155.6374779902,Mexico,Nesquik
region: Mexico brand: Nesquik budget: 2800000,2799999.9999996214,759586.8599879036,1263758.6479580295,2023345.5079459331,2140493.73920788,Mexico,Nesquik
region: Mexico brand: Nesquik budget: 2900000,2899999.99999954,779238.2660059582,1280056.222250748,2059294.4882567062,2142432.445590952,Mexico,Nesquik
region: Mexico brand: Nesquik budget: 300000,300000.0,268214.2008905729,360065.1480900483,628279.3489806212,925091.8514138563,Mexico,Nesquik
region: Mexico brand: Nesquik budget: 3000000,3000000.0000000168,798877.1886352707,1295758.4937766155,2094635.6824118863,2144039.981478599,Mexico,Nesquik
region: Mexico brand: Nesquik budget: 3100000,3100000.0000000116,818503.440501765,1311217.2843272102,2129720.7248289753,2145372.9175294675,Mexico,Nesquik
region: Mexico brand: Nesquik budget: 3200000,3199999.999999961,838125.8909673294,1326537.6356838811,2164663.5266512106,2146478.1609827345,Mexico,Nesquik
region: Mexico brand: Nesquik budget: 3300000,3299999.999999972,857744.5777714269,1341721.4634092448,2199466.0411806717,2147394.6063667387,Mexico,Nesquik
region: Mexico brand: Nesquik budget: 3400000,3400000.000000124,877359.4775277557,1356770.7095790438,2234130.1871067993,2148154.5042330236,Mexico,Nesquik
region: Mexico brand: Nesquik budget: 3500000,3499999.999999602,896970.5944572038,1371687.2547220776,2268657.8491792814,2148784.59608275,Mexico,Nesquik
region: Mexico brand: Nesquik budget: 3600000,3599999.9999999017,916577.9094492019,1386472.9694689363,2303050.8789181383,2149307.0554246055,Mexico,Nesquik
region: Mexico brand: Nesquik budget: 3700000,3700000.000000467,936181.5366826432,1401129.558567793,2337311.095250436,2149740.2680808385,Mexico,Nesquik
region: Mexico brand: Nesquik budget: 3800000,3800000.000000075,955781.2690199455,1415659.016165079,2371440.2851850246,2150099.4792011753,Mexico,Nesquik
region: Mexico brand: Nesquik budget: 3900000,3899999.999999997,975377.3259560209,1430062.8784792796,2405440.2044353005,2150397.3297535973,Mexico,Nesquik
region: Mexico brand: Nesquik budget: 400000,400000.0,286541.61013618327,461820.2317704936,748361.8419066769,1134645.9289773896,Mexico,Nesquik
region: Mexico brand: Nesquik budget: 4000000,4000000.000000306,994740.1686786088,1444573.4774770576,2439313.6461556666,2150644.301371556,Mexico,Nesquik
region: Mexico brand: Nesquik budget: 4100000,4100000.0000000214,1013730.1252979365,1459334.6362445706,2473064.761542507,2150849.0852122447,Mexico,Nesquik
region: Mexico brand: Nesquik budget: 4200000,4199999.999999938,1032732.506833441,1473958.5145964636,2506691.0214299047,2151018.8878063825,Mexico,Nesquik
region: Mexico brand: Nesquik budget: 4300000,4299999.999999847,1050876.025754981,1489109.7670658363,2539985.7928208173,2151159.6846626126,Mexico,Nesquik
region: Mexico brand: Nesquik budget: 4400000,4399999.999999026,1069037.253134662,1503863.690783755,2572900.943918417,2151276.4305511247,Mexico,Nesquik
region: Mexico brand: Nesquik budget: 4500000,4500000.000000152,1084450.027029013,1520787.8048735808,2605237.831902594,2151373.233866552,Mexico,Nesquik
region: Mexico brand: Nesquik budget: 4600000,4600000.000000448,1099617.5821305178,1537122.371379078,2636739.9535095957,2151453.5012061284,Mexico,Nesquik
region: Mexico brand: Nesquik budget: 4700000,4700000.000000145,1114834.3923211591,1552640.2854719649,2667474.6777931238,2151520.0572509742,Mexico,Nesquik
region: Mexico brand: Nesquik budget: 4800000,4799999.999999343,1130098.464679507,1567406.1196501292,2697504.5843296363,2151575.244169201,Mexico,Nesquik
region: Mexico brand: Nesquik budget: 4900000,4899999.999992109,1145406.2327057696,1581479.4382876067,2726885.6709933765,2151621.004038951,Mexico,Nesquik
region: Mexico brand: Nesquik budget: 500000,500000.00000000006,305195.48216888314,532141.1568108161,837336.6389796992,1308403.9064750455,Mexico,Nesquik
region: Mexico brand: Nesquik budget: 5000000,4999999.99999845,1160754.3018491445,1594913.7337538095,2755668.035602954,2151658.9471919155,Mexico,Nesquik
region: Mexico brand: Nesquik budget: 5100000,5100000.000000057,1176138.132124759,1607758.361623864,2783896.493748623,2151690.4088823553,Mexico,Nesquik
region: Mexico brand: Nesquik budget: 5200000,5199999.999998657,1189107.6721185213,1622286.1891990604,2811393.8613175815,2151716.496275943,Mexico,Nesquik
region: Mexico brand: Nesquik budget: 5300000,5299999.999997854,1201259.3372709928,1636469.065976891,2837728.4032478835,2151738.127411928,Mexico,Nesquik
region: Mexico brand: Nesquik budget: 5400000,5399999.999999415,1213363.1899225677,1649632.2542493886,2862995.4441719563,2151756.0635097767,Mexico,Nesquik
region: Mexico brand: Nesquik budget: 600000,600000.0000060935,325042.0376850194,591026.8805228565,916068.9182078759,1452480.4861187644,Mexico,Nesquik
region: Mexico brand: Nesquik budget: 700000,700000.0,344880.64932214184,645600.1822847781,990480.8316069199,1571945.8545414936,Mexico,Nesquik
region: Mexico brand: Nesquik budget: 800000,800000.0000000002,364711.3098650551,696287.374735262,1060998.6846003172,1671004.107384315,Mexico,Nesquik
region: Mexico brand: Nesquik budget: 900000,900000.0000000059,384533.9797292402,743466.3128058681,1128000.2925351083,1753141.1951878318,Mexico,Nesquik
region: Germany brand: Nesquik budget: 100000,100000.00000001148,108058.15024584539,192495.88170205866,300554.03194790403,639607.0707154264,Germany,Nesquik
region: Germany brand: Nesquik budget: 1000000,999999.9999999952,676189.3632931934,895953.5403689122,1572142.9036621056,1682375.2970649695,Germany,Nesquik
region: Germany brand: Nesquik budget: 1100000,1100000.0,711172.379251496,952592.6847779979,1663765.0640294938,1688025.0441135585,Germany,Nesquik
region: Germany brand: Nesquik budget: 1200000,1200000.0000000005,742521.1618146526,1006723.7889057136,1749244.950720366,1691545.8378159076,Germany,Nesquik
region: Germany brand: Nesquik budget: 1300000,1299999.9999999953,770674.9990830189,1058534.2426663802,1829209.241749399,1693739.9162742689,Germany,Nesquik
region: Germany brand: Nesquik budget: 1400000,1400000.0000000047,796032.4298730025,1108170.2944829052,1904202.7243559076,1695107.2160050753,Germany,Nesquik
region: Germany brand: Nesquik budget: 1500000,1499999.9999999483,818935.1996384815,1155765.4746365962,1974700.6742750776,1695959.2860606092,Germany,Nesquik
region: Germany brand: Nesquik budget: 1600000,1600000.0000000002,839394.096328849,1201680.1368332228,2041074.2331620718,1696490.2767155338,Germany,Nesquik
region: Germany brand: Nesquik budget: 1700000,1699999.9999999262,858316.4818166229,1243799.6216156706,2102116.1034322935,1696821.1779997475,Germany,Nesquik
region: Germany brand: Nesquik budget: 1800000,1800000.0000000005,872591.9691622488,1281838.9780313293,2154430.947193578,1697027.388144652,Germany,Nesquik
region: Germany brand: Nesquik budget: 1900000,1900000.0000000107,883344.5994839363,1316344.3611535016,2199688.960637438,1697155.8936110549,Germany,Nesquik
region: Germany brand: Nesquik budget: 200000,200000.00000000006,211734.90782781175,299805.90242779243,511540.8102556042,1038195.6317935241,Germany,Nesquik
region: Germany brand: Nesquik budget: 2000000,2000000.000000006,891653.5365149812,1347746.796095191,2239400.332610172,1697235.9752913385,Germany,Nesquik
region: Germany brand: Nesquik budget: 300000,300000.00000000023,297194.9276480563,397489.69400036853,694684.6216484248,1286586.946237035,Germany,Nesquik
region: Germany brand: Nesquik budget: 400000,400000.0000000016,368815.41451375117,486615.1085753994,855430.5230891505,1441378.756930463,Germany,Nesquik
region: Germany brand: Nesquik budget: 500000,499999.9999999996,435391.54689390457,564290.734095507,999682.2809894115,1537841.4883727015,Germany,Nesquik
region: Germany brand: Nesquik budget: 600000,599999.999999998,494902.22980353097,637456.3446105331,1132358.5744140642,1597954.865919056,Germany,Nesquik
region: Germany brand: Nesquik budget: 700000,699999.9999999993,547888.0458482278,706973.357598294,1254861.4034465218,1635416.1538797277,Germany,Nesquik
region: Germany brand: Nesquik budget: 800000,800000.0000000002,595227.3927214731,773133.0782526061,1368360.4709740793,1658761.1754531728,Germany,Nesquik
region: Germany brand: Nesquik budget: 900000,900000.0,637659.6010737905,836193.0733930514,1473852.6744668419,1673309.2612754428,Germany,Nesquik
region: UK brand: Shreddies budget: 100000,100000.00000025875,117585.8504691998,483555.6207103078,601141.4711795076,409442.16553884925,UK,Shreddies
region: UK brand: Shreddies budget: 1000000,1000000.0,1555638.6242049192,2144464.6872099247,3700103.311414844,3586200.3859037734,UK,Shreddies
region: UK brand: Shreddies budget: 10000000,10000000.0,5947274.889908232,7132015.065475447,13079289.955383679,13058699.68291826,UK,Shreddies
region: UK brand: Shreddies budget: 10100000,10100000.0,5954216.71893842,7142418.716650953,13096635.435589373,13078497.77704268,UK,Shreddies
region: UK brand: Shreddies budget: 10200000,10200000.000000002,5960977.98509057,7152349.394200725,13113327.379291294,13097705.13777188,UK,Shreddies
region: UK brand: Shreddies budget: 10300000,10300000.0,5967564.71502547,7161837.838199725,13129402.553225195,13116339.391345134,UK,Shreddies
region: UK brand: Shreddies budget: 10400000,10399999.999999942,5973982.707681082,7170912.432429415,13144895.140110496,13134417.638071883,UK,Shreddies
region: UK brand: Shreddies budget: 10500000,10499999.999999952,5980237.543515364,7179599.400668003,13159836.944183366,13151956.468024412,UK,Shreddies
region: UK brand: Shreddies budget: 10600000,10600000.000000766,5986334.593356211,7187922.985857264,13174257.579213474,13168971.976262318,UK,Shreddies
region: UK brand: Shreddies budget: 10700000,10699999.999999998,5992279.026876279,7195905.613684421,13188184.640560701,13185479.777602037,UK,Shreddies
region: UK brand: Shreddies budget: 10800000,10800000.0,5998075.820709903,7203568.0419765115,13201643.862686414,13201495.020947574,UK,Shreddies
region: UK brand: Shreddies budget: 10900000,10899999.99999999,6003729.766225259,7210929.497172327,13214659.263397586,13217032.403191058,UK,Shreddies
region: UK brand: Shreddies budget: 1100000,1100000.0,1712441.099239295,2274373.8010047413,3986814.9002440367,3888637.891467997,UK,Shreddies
region: UK brand: Shreddies budget: 11000000,10999999.999999784,6009245.4769694265,7218007.799028634,13227253.27599806,13232106.182700437,UK,Shreddies
region: UK brand: Shreddies budget: 11100000,11100000.0,6014627.395799167,7224819.474606174,13239446.870405342,13246730.192404138,UK,Shreddies
region: UK brand: Shreddies budget: 11200000,11200000.000000002,6019879.80171141,7231379.862488481,13251259.664199892,13260917.852484973,UK,Shreddies
region: UK brand: Shreddies budget: 11300000,11300000.0,6025006.816386861,7237703.208099402,13262710.024486262,13274682.182695918,UK,Shreddies
region: UK brand: Shreddies budget: 11400000,11399999.99999949,6030012.410458635,7243802.750906152,13273815.161364786,13288035.81430786,UK,Shreddies
region: UK brand: Shreddies budget: 11500000,11499999.999999983,6034900.409518448,7249690.804224433,13284591.213742882,13300991.001701461,UK,Shreddies
region: UK brand: Shreddies budget: 11600000,11600000.000000002,6039674.499870939,7255378.828276005,13295053.328146944,13313559.6336121,UK,Shreddies
region: UK brand: Shreddies budget: 11700000,11699999.999999998,6044338.234048169,7260877.497092351,13305215.73114052,13325753.244040608,UK,Shreddies
region: UK brand: Shreddies budget: 11800000,11799999.999999834,6048895.036093602,7266196.759802475,13315091.795896076,13337583.02283747,UK,Shreddies
region: UK brand: Shreddies budget: 11900000,11899999.9999998,6053348.206625578,7271345.896795278,13324694.103420857,13349059.825971667,UK,Shreddies
region: UK brand: Shreddies budget: 1200000,1200000.0,1867685.3785447364,2398188.0223992714,4265873.400944008,4182051.299390224,UK,Shreddies
region: UK brand: Shreddies budget: 12000000,11999999.999999993,6057700.927693305,7276333.571207986,13334034.49890129,13360194.185492923,UK,Shreddies
region: UK brand: Shreddies budget: 1300000,1299999.9999999995,2021436.0253750433,2516261.880768225,4537697.906143269,4466709.869721718,UK,Shreddies
region: UK brand: Shreddies budget: 1400000,1400000.0000000002,2173413.599536158,2629260.1231497284,4802673.722685887,4742874.828361405,UK,Shreddies
region: UK brand: Shreddies budget: 1500000,1500000.0,2323889.0619658227,2737265.455161342,5061154.517127165,5010799.606778028,UK,Shreddies
region: UK brand: Shreddies budget: 1600000,1600000.0000000002,2472766.2100119,2840700.382472705,5313466.592484605,5270730.074579538,UK,Shreddies
region: UK brand: Shreddies budget: 1700000,1700000.0000000002,2620044.9000213337,2939866.094947452,5559910.994968786,5522904.76514305,UK,Shreddies
region: UK brand: Shreddies budget: 1800000,1800000.0000000007,2762352.3413632,3038386.7236526744,5800739.065015875,5767555.094512541,UK,Shreddies
region: UK brand: Shreddies budget: 1900000,1900000.000003548,2874037.7567495727,3159505.3047952997,6033543.061544873,6004905.573773328,UK,Shreddies
region: UK brand: Shreddies budget: 200000,200000.00000114046,277534.14129357354,751037.324138712,1028571.4654322856,806667.4399452584,UK,Shreddies
region: UK brand: Shreddies budget: 2000000,2000000.0000000333,2982839.901194399,3274792.0918752872,6257631.993069686,6235174.015040358,UK,Shreddies
region: UK brand: Shreddies budget: 2100000,2100000.0,3089370.3653984936,3384350.1432675123,6473720.508666006,6458571.731422924,UK,Shreddies
region: UK brand: Shreddies budget: 2200000,2200000.0000000005,3191178.8539734273,3490955.6509792227,6682134.5049526505,6675303.730860591,UK,Shreddies
region: UK brand: Shreddies budget: 2300000,2300000.0,3291262.705524188,3592008.862407182,6883271.56793137,6885568.904295899,UK,Shreddies
region: UK brand: Shreddies budget: 2400000,2400000.000000001,3388533.7221313673,3689175.9668283444,7077709.688959712,7089560.208185,UK,Shreddies
region: UK brand: Shreddies budget: 2500000,2500000.0000058413,3487129.009646341,3779124.136790276,7266253.146436617,7287464.841581511,UK,Shreddies
region: UK brand: Shreddies budget: 2600000,2599999.9999999288,3579500.1385106165,3869906.38112983,7449406.519640447,7479464.417868565,UK,Shreddies
region: UK brand: Shreddies budget: 2700000,2700000.0,3666285.9658094957,3961823.67325845,7628109.639067946,7665735.131536601,UK,Shreddies
region: UK brand: Shreddies budget: 2800000,2800000.0,3751416.014150248,4051519.0806758762,7802935.094826125,7846447.91975856,UK,Shreddies
region: UK brand: Shreddies budget: 2900000,2900000.0000000666,3835448.7759342687,4138594.724591591,7974043.50052586,8021768.619314153,UK,Shreddies
region: UK brand: Shreddies budget: 300000,300000.00000185234,435727.86047088244,987563.1361066542,1423290.9965775367,1192040.3494948319,UK,Shreddies
region: UK brand: Shreddies budget: 3000000,2999999.9999999986,3918506.3305518283,4223076.451817643,8141582.782369471,8191858.118762568,UK,Shreddies
region: UK brand: Shreddies budget: 3100000,3100000.0000000005,4000556.2404979626,4305136.534952966,8305692.775450928,8356872.506088224,UK,Shreddies
region: UK brand: Shreddies budget: 3200000,3200000.0000029644,4081920.692831432,4384584.075185063,8466504.768016495,8516963.211943325,UK,Shreddies
region: UK brand: Shreddies budget: 3300000,3299999.9999996074,4162693.2755243545,4461446.239078266,8624139.51460262,8672277.14858958,UK,Shreddies
region: UK brand: Shreddies budget: 3400000,3399999.9999978025,4247099.836882269,4531322.701990685,8778422.538872954,8822956.844763242,UK,Shreddies
region: UK brand: Shreddies budget: 3500000,3500000.0000006366,4330498.72207672,4598845.667378922,8929344.389455643,8969140.576435557,UK,Shreddies
region: UK brand: Shreddies budget: 3600000,3599999.99999998,4405902.848452721,4671089.860237576,9076992.708690297,9110962.493698204,UK,Shreddies
region: UK brand: Shreddies budget: 3700000,3700000.000000072,4445568.901269315,4773571.982309108,9219140.883578423,9248552.743904708,UK,Shreddies
region: UK brand: Shreddies budget: 3800000,3800000.00000033,4483570.535411974,4871363.815108565,9354934.35052054,9382037.591079043,UK,Shreddies
region: UK brand: Shreddies budget: 3900000,3900000.000000001,4523246.47387038,4961997.029934718,9485243.503805097,9511539.531792717,UK,Shreddies
region: UK brand: Shreddies budget: 400000,400000.00000220665,589050.621016917,1200551.0697088006,1789601.6907257177,1565914.543770023,UK,Shreddies
region: UK brand: Shreddies budget: 4000000,4000000.000000001,4563495.430725398,5047134.086679154,9610629.517404553,9637177.40757992,UK,Shreddies
region: UK brand: Shreddies budget: 4100000,4100000.000000005,4602642.973855421,5128707.686528762,9731350.660384182,9759066.51399237,UK,Shreddies
region: UK brand: Shreddies budget: 4200000,4199999.999998806,4640723.46518258,5206962.305249465,9847685.770432044,9877318.706404576,UK,Shreddies
region: UK brand: Shreddies budget: 4300000,4300000.0,4677797.661451077,5282094.908950925,9959892.570402002,9992042.50266801,UK,Shreddies
region: UK brand: Shreddies budget: 4400000,4399999.999999999,4714007.853021925,5354196.997586403,10068204.850608328,10103343.18268196,UK,Shreddies
region: UK brand: Shreddies budget: 4500000,4500000.0,4749135.289261745,5423720.9176564235,10172856.206918169,10211322.885020893,UK,Shreddies
region: UK brand: Shreddies budget: 4600000,4599999.999993992,4783425.615645443,5490611.412859951,10274037.028505394,10316080.70065197,UK,Shreddies
region: UK brand: Shreddies budget: 4700000,4699999.999991012,4817609.15461563,5554511.080796335,10372120.235411964,10417712.76389238,UK,Shreddies
region: UK brand: Shreddies budget: 4800000,4800000.0,4851410.95445932,5616156.600341757,10467567.554801077,10516312.340613019,UK,Shreddies
region: UK brand: Shreddies budget: 4900000,4900000.000000001,4884706.639454019,5675816.741795687,10560523.381249707,10611969.91379886,UK,Shreddies
region: UK brand: Shreddies budget: 500000,499999.9999999999,748330.3032160088,1385835.2784329532,2134165.581648962,1928633.120188075,UK,Shreddies
region: UK brand: Shreddies budget: 5000000,4999999.9999997,4917676.472850521,5733708.071010569,10651384.543861091,10704773.266642222,UK,Shreddies
region: UK brand: Shreddies budget: 5100000,5099999.999998415,4950169.087993021,5790152.587295618,10740321.67528864,10794807.56306098,UK,Shreddies
region: UK brand: Shreddies budget: 5200000,5200000.0,4982254.313287294,5845150.414375408,10827404.727662701,10882155.42586517,UK,Shreddies
region: UK brand: Shreddies budget: 5300000,5299999.99999984,5014903.613131994,5897722.84672102,10912626.459853014,10966897.01256697,UK,Shreddies
region: UK brand: Shreddies budget: 5400000,5399999.999998363,5047710.200800418,5948171.189093513,10995881.38989393,11049110.08895181,UK,Shreddies
region: UK brand: Shreddies budget: 5500000,5499999.999999999,5079949.349803935,5997285.351371695,11077234.70117563,11128870.100441104,UK,Shreddies
region: UK brand: Shreddies budget: 5600000,5600000.00000096,5112320.729513556,6044421.48179052,11156742.211304076,11206250.241317358,UK,Shreddies
region: UK brand: Shreddies budget: 5700000,5700000.000007501,5144417.657723961,6090026.751747896,11234444.409471858,11281321.521907669,UK,Shreddies
region: UK brand: Shreddies budget: 5800000,5799999.999997249,5175922.550503289,6134452.025450411,11310374.5759537,11354152.833719704,UK,Shreddies
region: UK brand: Shreddies budget: 5900000,5900000.0000038985,5206881.258370489,6177710.877774196,11384592.136144685,11424811.012724228,UK,Shreddies
region: UK brand: Shreddies budget: 600000,600000.0000005411,912987.5112782841,1553931.529501104,2466919.040779388,2280528.9388892744,UK,Shreddies
region: UK brand: Shreddies budget: 6000000,5999999.999999873,5237496.851619129,6219653.083474025,11457149.935093153,11493360.900604032,UK,Shreddies
region: UK brand: Shreddies budget: 6100000,6100000.000001343,5267869.720288882,6260251.105382979,11528120.825671861,11559865.404333124,UK,Shreddies
region: UK brand: Shreddies budget: 6200000,6200000.000005246,5297812.825332972,6299743.372242426,11597556.197575398,11624385.553860825,UK,Shreddies
region: UK brand: Shreddies budget: 6300000,6300000.000001149,5327406.6847654525,6338107.692268816,11665514.37703427,11686980.558127053,UK,Shreddies
region: UK brand: Shreddies budget: 6400000,6400000.0000001285,5356750.898655393,6375159.825170164,11731910.723825557,11747707.859415218,UK,Shreddies
region: UK brand: Shreddies budget: 6500000,6499999.999997063,5385679.569715545,6411009.733123801,11796689.302839346,11806623.186042072,UK,Shreddies
region: UK brand: Shreddies budget: 6600000,6600000.0,5414100.600140217,6445779.485127179,11859880.085267395,11863780.603516553,UK,Shreddies
region: UK brand: Shreddies budget: 6700000,6699999.999999999,5441902.628123705,6479324.4810798615,11921227.109203566,11919232.564137086,UK,Shreddies
region: UK brand: Shreddies budget: 6800000,6799999.999998693,5469179.538650749,6511578.39898946,11980757.937640209,11973029.955142139,UK,Shreddies
region: UK brand: Shreddies budget: 6900000,6900000.0,5495949.259052674,6542619.459757716,12038568.71881039,12025222.145403335,UK,Shreddies
region: UK brand: Shreddies budget: 700000,700000.0000090061,1075931.9635734449,1713329.639999378,2789261.603572823,2621924.928166858,UK,Shreddies
region: UK brand: Shreddies budget: 7000000,6999999.99999503,5522662.302107435,6571843.56645106,12094505.868558494,12075857.030722668,UK,Shreddies
region: UK brand: Shreddies budget: 7100000,7100000.000000001,5550922.419247995,6596730.045052863,12147652.464300858,12124981.077804916,UK,Shreddies
region: UK brand: Shreddies budget: 7200000,7199999.999999999,5576770.972739372,6621101.852292848,12197872.82503222,12172639.366871003,UK,Shreddies
region: UK brand: Shreddies budget: 7300000,7299999.999999999,5602304.491556465,6642931.724249087,12245236.215805553,12218875.633052792,UK,Shreddies
region: UK brand: Shreddies budget: 7400000,7400000.0,5622905.418641132,6667120.857140254,12290026.275781386,12263732.306515591,UK,Shreddies
region: UK brand: Shreddies budget: 7500000,7500000.0,5640915.786131552,6692515.915092151,12333431.701223703,12307250.55139802,UK,Shreddies
region: UK brand: Shreddies budget: 7600000,7600000.000000001,5658632.170349603,6716965.9267876055,12375598.097137209,12349470.30358757,UK,Shreddies
region: UK brand: Shreddies budget: 7700000,7700000.0,5676054.897318684,6740526.077056926,12416580.97437561,12390430.307369035,UK,Shreddies
region: UK brand: Shreddies budget: 7800000,7800000.0,5693185.217687468,6763247.166747521,12456432.384434989,12430168.150979426,UK,Shreddies
region: UK brand: Shreddies budget: 7900000,7899999.999994375,5710029.396123279,6785171.771396191,12495201.167519469,12468720.30109985,UK,Shreddies
region: UK brand: Shreddies budget: 800000,800000.0000004439,1237227.9565938497,1864621.5316159518,3101849.4882098017,2953134.380714696,UK,Shreddies
region: UK brand: Shreddies budget: 8000000,7999999.999999998,5726585.915609476,6806347.268208282,12532933.18381776,12506122.136331009,UK,Shreddies
region: UK brand: Shreddies budget: 8100000,8100000.000000001,5742858.14998121,6826813.379750099,12569671.529731309,12542407.97963811,UK,Shreddies
region: UK brand: Shreddies budget: 8200000,8200000.0,5758848.0260326145,6846608.712645593,12605456.738678208,12577611.129869778,UK,Shreddies
region: UK brand: Shreddies budget: 8300000,8300000.0,5774565.382745478,6865761.585937198,12640326.968682677,12611763.892305117,UK,Shreddies
region: UK brand: Shreddies budget: 8400000,8400000.0,5790005.533319804,6884312.641022851,12674318.174342655,12644897.608301805,UK,Shreddies
region: UK brand: Shreddies budget: 8500000,8500000.0,5805174.83140382,6902289.4375883555,12707464.268992174,12677042.684057465,UK,Shreddies
region: UK brand: Shreddies budget: 8600000,8600000.000000002,5820076.95112388,6919720.321459751,12739797.27258363,12708228.618512886,UK,Shreddies
region: UK brand: Shreddies budget: 8700000,8700000.0,5834715.700232763,6936631.748916192,12771347.449148955,12738484.03042264,UK,Shreddies
region: UK brand: Shreddies budget: 8800000,8800000.0,5847338.649412642,6954741.966372988,12802080.61578563,12767836.68461799,UK,Shreddies
region: UK brand: Shreddies budget: 8900000,8899999.999999998,5857014.774515064,6974444.203597029,12831458.978112094,12796313.517486168,UK,Shreddies
region: UK brand: Shreddies budget: 900000,900000.0000041222,1397247.4871044098,2008033.7153682176,3405281.202472627,3274461.2414120315,UK,Shreddies
region: UK brand: Shreddies budget: 9000000,9000000.000000002,5866416.268481007,6993016.979856282,12859433.248337287,12823940.661689386,UK,Shreddies
region: UK brand: Shreddies budget: 9100000,9100000.000000002,5875552.78175535,7010543.780557147,12886096.562312497,12850743.470146297,UK,Shreddies
region: UK brand: Shreddies budget: 9200000,9199999.999999337,5884433.588051377,7027101.21452736,12911534.802578736,12876746.539297746,UK,Shreddies
region: UK brand: Shreddies budget: 9300000,9299999.999999998,5893067.599981165,7042759.612174161,12935827.212155325,12901973.731679296,UK,Shreddies
region: UK brand: Shreddies budget: 9400000,9400000.000000002,5901463.384008092,7057583.569925727,12959046.95393382,12926448.197817754,UK,Shreddies
region: UK brand: Shreddies budget: 9500000,9499999.999998748,5909629.174760341,7071632.445888131,12981261.620648472,12950192.397477368,UK,Shreddies
region: UK brand: Shreddies budget: 9600000,9600000.0,5917572.88872416,7084960.811182986,13002533.699907146,12973228.120271375,UK,Shreddies
region: UK brand: Shreddies budget: 9700000,9700000.000000002,5925302.137352747,7097618.861017214,13022920.998369962,12995576.505655145,UK,Shreddies
region: UK brand: Shreddies budget: 9800000,9800000.0,5932824.239606306,7109652.789166515,13042477.02877282,13017258.062328408,UK,Shreddies
region: UK brand: Shreddies budget: 9900000,9900000.0,5940146.233962774,7121105.129199862,13061251.363162637,13038292.687054243,UK,Shreddies
region: Chile brand: Chocapic budget: 100000,100000.00000006655,144960.66961736677,48455.87835391039,193416.54797127715,372164.23837412964,Chile,Chocapic
region: Chile brand: Chocapic budget: 1000000,1000000.0000028453,418247.72858103615,431501.14145313017,849748.8700341664,786986.9268117687,Chile,Chocapic
region: Chile brand: Chocapic budget: 1100000,1100000.0000049197,429441.24070807325,468847.04016261833,898288.2808706916,787612.4280403141,Chile,Chocapic
region: Chile brand: Chocapic budget: 1200000,1200000.000004537,437634.17593166284,507333.0245550296,944967.2004866924,787942.6283831305,Chile,Chocapic
region: Chile brand: Chocapic budget: 1300000,1299999.9999999998,445858.9172468852,541113.3867740821,986972.3040209673,788116.9402172576,Chile,Chocapic
region: Chile brand: Chocapic budget: 1400000,1399999.9999999998,460921.8227993,563445.4247443932,1024367.2475436933,788208.9589452221,Chile,Chocapic
region: Chile brand: Chocapic budget: 1500000,1499999.999996566,475947.0906590802,585768.1641499111,1061715.2548089912,788257.5353734256,Chile,Chocapic
region: Chile brand: Chocapic budget: 200000,200000.00000012259,223763.32538985685,90574.80928884957,314338.1346787064,568628.6951820536,Chile,Chocapic
region: Chile brand: Chocapic budget: 300000,299999.99999999994,276595.0749387705,129067.53897328174,405662.61391205224,672341.7304737109,Chile,Chocapic
region: Chile brand: Chocapic budget: 400000,400000.00000023935,317850.9555935107,166327.16504339076,484178.12063690147,727091.5506917186,Chile,Chocapic
region: Chile brand: Chocapic budget: 500000,500000.0000001758,323434.8271094281,233272.08198160003,556706.9090910282,755993.827107151,Chile,Chocapic
region: Chile brand: Chocapic budget: 600000,599999.9999998665,345774.09636750433,281450.2218961094,627224.3182636137,771251.2577008916,Chile,Chocapic
region: Chile brand: Chocapic budget: 700000,699999.9999932643,373262.6432107426,317861.15432341764,691123.7975341603,779305.612484822,Chile,Chocapic
region: Chile brand: Chocapic budget: 800000,800000.0,390859.6870611823,357241.5369259149,748101.2239870972,783557.4837680344,Chile,Chocapic
region: Chile brand: Chocapic budget: 900000,899999.9999998439,404209.30587271735,395771.5659113336,799980.871784051,785802.034683636,Chile,Chocapic
region: France brand: Chocapic budget: 100000,100000.00000016167,108802.95268969458,53305.83566447935,162108.78835417394,130272.07996723692,France,Chocapic
region: France brand: Chocapic budget: 1000000,1000000.0000000107,880492.3243578989,378403.51844073244,1258895.8427986314,1232275.7957740445,France,Chocapic
region: France brand: Chocapic budget: 1100000,1100000.0000006598,958701.1416383635,413250.3761493981,1371951.5177877615,1347243.9682612775,France,Chocapic
region: France brand: Chocapic budget: 1200000,1199999.9999999898,1035543.6674497677,447840.5146497241,1483384.1820994918,1460784.3254146131,France,Chocapic
region: France brand: Chocapic budget: 1300000,1300000.0000000459,1111085.9931338779,482139.93398960977,1593225.9271234877,1572914.5995929113,France,Chocapic
region: France brand: Chocapic budget: 1400000,1400000.0000005725,1185630.386983005,515842.55198889057,1701472.9389718957,1683652.3029302985,France,Chocapic
region: France brand: Chocapic budget: 1500000,1499999.9999999905,1258460.8791565371,549688.4624787869,1808149.341635324,1793014.730072382,France,Chocapic
region: France brand: Chocapic budget: 1600000,1599999.9999999872,1329207.0154307913,584381.2950245804,1913588.3104553716,1901018.9608822868,France,Chocapic
region: France brand: Chocapic budget: 1700000,1700000.0000002668,1399037.681551333,618885.9339617117,2017923.6155130449,2007681.863102341,France,Chocapic
region: France brand: Chocapic budget: 1800000,1800000.0000000645,1467968.202578097,653203.6550149681,2121171.857593065,2113020.094990148,France,Chocapic
region: France brand: Chocapic budget: 1900000,1899999.9999999988,1536013.746662419,687335.5990016039,2223349.345664023,2217050.1079221624,France,Chocapic
region: France brand: Chocapic budget: 200000,200000.00000080996,200131.5505160922,91607.38261152273,291738.9331276149,258926.2819682032,France,Chocapic
region: France brand: Chocapic budget: 2000000,2000000.0000000861,1603188.2570266826,721283.8452984978,2324472.1023251805,2319788.1489608902,France,Chocapic
region: France brand: Chocapic budget: 2100000,2100000.0000000196,1669507.2935787796,755048.5754611396,2424555.869039919,2421250.2633926263,France,Chocapic
region: France brand: Chocapic budget: 2200000,2200000.0000000675,1734984.6197968759,788631.4915502268,2523616.1113471026,2521452.2972342656,France,Chocapic
region: France brand: Chocapic budget: 2300000,2300000.000000028,1799634.0518111205,822033.9721112358,2621668.0239223563,2620409.899707017,France,Chocapic
region: France brand: Chocapic budget: 2400000,2400000.0000001816,1863469.4807722543,855257.054777807,2718726.535550061,2718138.5256814077,France,Chocapic
region: France brand: Chocapic budget: 2500000,2499999.999999992,1926503.9445535606,888302.3694515524,2814806.314005113,2814653.438089688,France,Chocapic
region: France brand: Chocapic budget: 2600000,2600000.0000000107,1988750.9652041597,921170.8056077268,2909921.7708118865,2909969.710311405,France,Chocapic
region: France brand: Chocapic budget: 2700000,2699999.999999962,2050218.0269158108,953868.9284559425,3004086.9553717533,3004102.2285256586,France,Chocapic
region: France brand: Chocapic budget: 2800000,2800000.0000000084,2111282.140685254,986018.5492069788,3097300.6898922324,3097065.6940371883,France,Chocapic
region: France brand: Chocapic budget: 2900000,2899999.9999999786,2172141.6693833265,1017178.6359882805,3189320.305371607,3188874.625571645,France,Chocapic
region: France brand: Chocapic budget: 300000,300000.0000000065,290999.52187631605,128115.03504819311,419114.5569245092,385982.6987871275,France,Chocapic
region: France brand: Chocapic budget: 3000000,3000000.000000008,2231797.016070673,1048265.3053048006,3280062.3213754734,3279543.3615436773,France,Chocapic
region: France brand: Chocapic budget: 3100000,3099999.999999999,2290417.4639906813,1079132.7577544348,3369550.221745116,3369086.062295758,France,Chocapic
region: France brand: Chocapic budget: 3200000,3199999.9999999898,2348025.6851523677,1109783.0033493787,3457808.6885017464,3457516.712310036,France,Chocapic
region: France brand: Chocapic budget: 3300000,3300000.0000000023,2404605.458259386,1140262.1323609082,3544867.590620294,3544849.1223922465,France,Chocapic
region: France brand: Chocapic budget: 3400000,3399999.9999999874,2460226.375388644,1170541.0830167404,3630767.458405385,3631096.931828593,France,Chocapic
region: France brand: Chocapic budget: 3500000,3500000.0000000144,2514930.0797204683,1200601.5325190302,3715531.6122394986,3716273.6105160476,France,Chocapic
region: France brand: Chocapic budget: 3600000,3599999.999999994,2568736.586264307,1230445.0807588387,3799181.6670231456,3800392.4610657985,France,Chocapic
region: France brand: Chocapic budget: 3700000,3699999.9999999963,2621664.3421571483,1260074.404387861,3881738.7465450093,3883466.6208810774,France,Chocapic
region: France brand: Chocapic budget: 3800000,3799999.999999991,2673732.003904474,1289491.4917677252,3963223.495672199,3965509.0642086957,France,Chocapic
region: France brand: Chocapic budget: 3900000,3899999.9999999716,2724957.5502823587,1318698.5419433855,4043656.0922257444,4046532.6041654283,France,Chocapic
region: France brand: Chocapic budget: 400000,399999.99999999866,380205.92016376427,164343.81558547227,544549.7357492365,511461.1736767895,France,Chocapic
region: France brand: Chocapic budget: 4000000,3999999.999999989,2775358.592951556,1347697.6656039811,4123056.258555537,4126549.8947391403,France,Chocapic
region: France brand: Chocapic budget: 4100000,4099999.999999999,2824941.338708294,1376502.115913632,4201443.454621926,4205573.432764933,France,Chocapic
region: France brand: Chocapic budget: 4200000,4200000.0000000335,2873700.9176285528,1405140.656131834,4278841.573760387,4283615.559876987,France,Chocapic
region: France brand: Chocapic budget: 4300000,4299999.999999996,2921696.850098251,1433574.2974913497,4355271.147589601,4360688.464435884,France,Chocapic
region: France brand: Chocapic budget: 4400000,4399999.999999999,2968944.8293203283,1461805.1231994382,4430749.952519767,4436804.183432398,France,Chocapic
region: France brand: Chocapic budget: 4500000,4499999.999999998,3015460.130186664,1489835.240820782,4505295.371007446,4511974.604367118,France,Chocapic
region: France brand: Chocapic budget: 4600000,4600000.000000007,3061257.9095894126,1517666.4916451154,4578924.401234528,4586211.46710716,France,Chocapic
region: France brand: Chocapic budget: 4700000,4700000.000000049,3106352.4418540336,1545301.2246658865,4651653.66651992,4659526.365719621,France,Chocapic
region: France brand: Chocapic budget: 4800000,4799999.999999996,3150758.476551914,1572740.947978579,4723499.424530493,4731930.75028219,France,Chocapic
region: France brand: Chocapic budget: 4900000,4900000.000000009,3194489.5530968965,1599988.0231195602,4794477.5762164565,4803435.928671698,France,Chocapic
region: France brand: Chocapic budget: 500000,500000.00000030606,467788.66588662774,200295.8722642238,668084.5381508516,635381.303448728,France,Chocapic
region: France brand: Chocapic budget: 5000000,5000000.000000014,3237559.3804322947,1627044.2941248876,4864603.674557182,4874053.06832977,France,Chocapic
region: France brand: Chocapic budget: 5100000,5100000.000000048,3279981.3431092286,1653911.5899492777,4933892.933058506,4943793.198007164,France,Chocapic
region: France brand: Chocapic budget: 5200000,5199999.9999999385,3321768.45436029,1680591.7796985928,5002360.234058883,5012667.209485981,France,Chocapic
region: France brand: Chocapic budget: 5300000,5300000.000000008,3362933.2101611937,1707086.9266277403,5070020.1367889345,5080685.859281196,France,Chocapic
region: France brand: Chocapic budget: 5400000,5400000.000000082,3403488.3469224824,1733398.5383343957,5136886.885256878,5147859.77031989,France,Chocapic
region: France brand: Chocapic budget: 5500000,5499999.999999997,3443445.548201007,1759528.8677409505,5202974.415941957,5214199.433600658,France,Chocapic
region: France brand: Chocapic budget: 5600000,5600000.000000001,3482666.5356681654,1785628.8484683956,5268295.384136561,5279715.209832317,France,Chocapic
region: France brand: Chocapic budget: 5700000,5699999.99999997,3521521.004110317,1811344.571630821,5332865.575741138,5344417.331051494,France,Chocapic
region: France brand: Chocapic budget: 5800000,5800000.0,3559977.3426019466,1836725.4292371534,5396702.7718391,5408315.902221015,France,Chocapic
region: France brand: Chocapic budget: 5900000,5899999.999999997,3597872.2036558166,1861966.1200499393,5459838.323705756,5471420.902807801,France,Chocapic
region: France brand: Chocapic budget: 600000,599999.9999999992,553366.174928349,236402.28542533383,789768.4603536827,757762.4415367971,France,Chocapic
region: France brand: Chocapic budget: 6000000,6000000.0000000065,3635250.3353947923,1887035.432241828,5522285.76763662,5533742.188341639,France,Chocapic
region: France brand: Chocapic budget: 6100000,6099999.99999993,3672051.238375653,1912004.2385173484,5584055.476893001,5595289.491954213,France,Chocapic
region: France brand: Chocapic budget: 6200000,6199999.999999963,3708430.715394707,1936729.9041553065,5645160.619550014,5656072.425899452,France,Chocapic
region: France brand: Chocapic budget: 6300000,6300000.0,3744379.180841687,1961232.5130420222,5705611.69388371,5716100.483054378,France,Chocapic
region: France brand: Chocapic budget: 6400000,6400000.000000008,3779731.6901006848,1985685.5022118236,5765417.192312509,5775383.038401913,France,Chocapic
region: France brand: Chocapic budget: 6500000,6499999.999999996,3814718.4642996015,2009871.809843619,5824590.274143221,5833929.350494995,France,Chocapic
region: France brand: Chocapic budget: 6600000,6600000.0000000065,3849190.46950623,2033948.8346567238,5883139.304162954,5891748.562902557,France,Chocapic
region: France brand: Chocapic budget: 6700000,6699999.999999867,3883170.4923915043,2057904.0542765213,5941074.546668026,5948849.705637385,France,Chocapic
region: France brand: Chocapic budget: 6800000,6800000.000000074,3916747.5369818476,2081659.14269222,5998406.679674068,6005241.696566908,France,Chocapic
region: France brand: Chocapic budget: 6900000,6899999.999999926,3949917.1571670575,2105228.0078455987,6055145.165012656,6060933.342804901,France,Chocapic
region: France brand: Chocapic budget: 700000,700000.0000050657,637356.202517358,272299.2606551155,909655.4631724735,878623.70102859,France,Chocapic
region: France brand: Chocapic budget: 7000000,6999999.999999946,3982623.0907916157,2128675.74541138,6111298.836202996,6115933.342088314,France,Chocapic
region: France brand: Chocapic budget: 7100000,7099999.999999984,4014907.3050720124,2151969.9816291663,6166877.286701178,6170250.284134589,France,Chocapic
region: France brand: Chocapic budget: 7200000,7199999.999999873,4046757.0203655357,2175132.401769581,6221889.4221351165,6223892.6519835545,France,Chocapic
region: France brand: Chocapic budget: 7300000,7299999.999999894,4078223.0693737143,2198121.4377054763,6276344.507079191,6276868.823322512,France,Chocapic
region: France brand: Chocapic budget: 7400000,7399999.999999918,4109304.3538814667,2220946.8256765557,6330251.179558022,6329187.071794184,France,Chocapic
region: France brand: Chocapic budget: 7500000,7500000.000000018,4139963.07511867,2243654.5627572415,6383617.637875911,6380855.568289185,France,Chocapic
region: France brand: Chocapic budget: 7600000,7599999.999999992,4170065.286892077,2266385.134987522,6436450.421879599,6431882.382221884,France,Chocapic
region: France brand: Chocapic budget: 7700000,7699999.999999992,4200160.442080289,2288603.789549452,6488764.23162974,6482275.482790971,France,Chocapic
region: France brand: Chocapic budget: 7800000,7800000.000000006,4229527.06229954,2311031.824784035,6540558.887083575,6532042.740223804,France,Chocapic
region: France brand: Chocapic budget: 7900000,7899999.999999928,4258868.886536018,2332980.5449703275,6591849.431506345,6581191.927005586,France,Chocapic
region: France brand: Chocapic budget: 800000,800000.0000023649,719851.8243088602,307930.31118470395,1027782.1354935642,997983.9576190592,France,Chocapic
region: France brand: Chocapic budget: 8000000,7999999.999999986,4287517.908031034,2355119.323795198,6642637.231826233,6629730.719093462,France,Chocapic
region: France brand: Chocapic budget: 8100000,8100000.0000000475,4315985.90342692,2376948.731919428,6692934.6353463475,6677666.697114977,France,Chocapic
region: France brand: Chocapic budget: 8200000,8200000.000000034,4344111.009816661,2398636.481014123,6742747.490830784,6725007.3475522045,France,Chocapic
region: France brand: Chocapic budget: 8300000,8300000.000000004,4372025.50065665,2420058.349301736,6792083.849958386,6771760.063910994,France,Chocapic
region: France brand: Chocapic budget: 8400000,8399999.999999996,4404144.12542644,2435357.171225588,6839501.296652027,6817932.147875591,France,Chocapic
region: France brand: Chocapic budget: 8500000,8499999.999999803,4434874.049874703,2448550.750708587,6883424.80058329,6863530.810448886,France,Chocapic
region: France brand: Chocapic budget: 8600000,8599999.999998664,4463003.131972738,2460655.8049746333,6923658.936947371,6908563.173078474,France,Chocapic
region: France brand: Chocapic budget: 8700000,8699999.999999791,4478509.030795716,2480235.189074003,6958744.219869719,6953036.268770875,France,Chocapic
region: France brand: Chocapic budget: 8800000,8800000.000000048,4482233.315168531,2502509.940771298,6984743.255939828,6996957.043185312,France,Chocapic
region: France brand: Chocapic budget: 900000,900000.0000000014,800886.5101430372,343297.5114388271,1144184.0215818642,1115861.852607163,France,Chocapic
region: Mexico brand: Abuelita budget: 100000,100000.00000202193,5269.995066384345,25776.245863906337,31046.24093029068,28464.146136821022,Mexico,Abuelita
region: Mexico brand: Abuelita budget: 1000000,1000000.0000009409,40917.28075659764,168536.81773070624,209454.09848730388,212241.2293824591,Mexico,Abuelita
region: Mexico brand: Abuelita budget: 1100000,1100000.0000038499,43915.47538561006,178401.51011019835,222316.98549580842,226425.2441457553,Mexico,Abuelita
region: Mexico brand: Abuelita budget: 1200000,1200000.0000011849,46767.96405833034,187533.68628310165,234301.650341432,239654.92220940173,Mexico,Abuelita
region: Mexico brand: Abuelita budget: 1300000,1300000.000000575,48579.77099632189,197064.03740993128,245643.80840625317,251994.47378221937,Mexico,Abuelita
region: Mexico brand: Abuelita budget: 1400000,1400000.0000012664,51074.00676471119,205428.88776530535,256502.89453001652,263503.7888452445,Mexico,Abuelita
region: Mexico brand: Abuelita budget: 1500000,1500000.0000004468,53607.48332623459,213073.36209976443,266680.845425999,274238.72782860784,Mexico,Abuelita
region: Mexico brand: Abuelita budget: 1600000,1600000.0000001073,55960.673329760626,220282.97876141194,276243.6520911726,284251.3927307171,Mexico,Abuelita
region: Mexico brand: Abuelita budget: 1700000,1700000.000000119,57982.19944053002,227566.60777163992,285548.8072121699,293590.37999437464,Mexico,Abuelita
region: Mexico brand: Abuelita budget: 1800000,1799999.999999993,59991.75196276989,234771.58740708727,294763.33936985716,302301.0163697071,Mexico,Abuelita
region: Mexico brand: Abuelita budget: 1900000,1900000.0000000522,61989.46053552629,241899.14164144453,303888.6021769708,310425.5789075289,Mexico,Abuelita
region: Mexico brand: Abuelita budget: 200000,200000.00000063467,10232.016102045747,48724.08014056483,58956.096242610576,55013.15190416413,Mexico,Abuelita
region: Mexico brand: Abuelita budget: 2000000,1999999.999999996,63975.368347069314,248950.5548209316,312925.92316800094,318003.50015076966,Mexico,Abuelita
region: Mexico brand: Abuelita budget: 2100000,2100000.0000000005,65949.62148277606,255926.98288059322,321876.6043633693,325071.5595203093,Mexico,Abuelita
region: Mexico brand: Abuelita budget: 2200000,2200000.0000082767,67912.30307758503,262829.61978443235,330741.9228620174,331664.06182426977,Mexico,Abuelita
region: Mexico brand: Abuelita budget: 2300000,2300000.0000000335,69863.50320007508,269659.62817240634,339523.1313724814,337813.0037537008,Mexico,Abuelita
region: Mexico brand: Abuelita budget: 2400000,2400000.0000001253,71850.07842009944,276366.22568862926,348216.3041087287,343548.2291837033,Mexico,Abuelita
region: Mexico brand: Abuelita budget: 2500000,2500000.0000000675,74029.66388211568,282530.58567935845,356560.24956147413,348897.57401531155,Mexico,Abuelita
region: Mexico brand: Abuelita budget: 2600000,2600000.0000031656,76113.87411671858,288323.7463117381,364437.6204284567,353887.0012797875,Mexico,Abuelita
region: Mexico brand: Abuelita budget: 2700000,2700000.000001169,78108.27219746167,293777.5727897107,371885.8449871724,358540.7271488625,Mexico,Abuelita
region: Mexico brand: Abuelita budget: 2800000,2799999.9999987935,79378.71757267638,298057.1962198831,377435.91379255947,362881.3384690751,Mexico,Abuelita
region: Mexico brand: Abuelita budget: 2900000,2900000.000000001,80071.9316731347,300942.9016019027,381014.83327503735,366929.9023862332,Mexico,Abuelita
region: Mexico brand: Abuelita budget: 300000,300000.000000592,14901.507948695176,69257.03608825804,84158.54403695322,79775.87283316672,Mexico,Abuelita
region: Mexico brand: Abuelita budget: 3000000,2999999.9999941424,80659.71952804418,302492.2088732098,383151.92840125394,370706.0685942654,Mexico,Abuelita
region: Mexico brand: Abuelita budget: 3100000,3099999.99999987,81253.35428885548,303223.28268966574,384476.63697852124,374228.16470664,Mexico,Abuelita
region: Mexico brand: Abuelita budget: 3200000,3199999.999996473,81859.62896482475,303820.63039550034,385680.25936032506,377513.28520685446,Mexico,Abuelita
region: Mexico brand: Abuelita budget: 3300000,3299999.9999940144,82437.14247123178,304115.0405980995,386552.18306933134,380577.37441899406,Mexico,Abuelita
region: Mexico brand: Abuelita budget: 3400000,3400000.0,83070.83330141561,304993.75292772084,388064.58622913645,383435.30389220885,Mexico,Abuelita
region: Mexico brand: Abuelita budget: 3500000,3499999.999999378,83675.95770627163,305569.57641783374,389245.53412410535,386100.94457926025,Mexico,Abuelita
region: Mexico brand: Abuelita budget: 3600000,3599999.9999982775,84280.76249120891,306138.3865431754,390419.1490343843,388587.2341604108,Mexico,Abuelita
region: Mexico brand: Abuelita budget: 3700000,3700000.0,84885.25012866214,306700.2864817187,391585.53661038086,390906.2398356936,Mexico,Abuelita
region: Mexico brand: Abuelita budget: 3800000,3799999.9999979543,85394.16660477496,305331.6245914871,390725.79119626206,393069.21689291653,Mexico,Abuelita
region: Mexico brand: Abuelita budget: 3900000,3899999.999999816,86070.80332191284,307584.57783988875,393655.3811618016,395086.66333571624,Mexico,Abuelita
region: Mexico brand: Abuelita budget: 400000,400000.0000005619,19249.428884507026,87786.04041929486,107035.46930380189,102872.494724502,Mexico,Abuelita
region: Mexico brand: Abuelita budget: 4000000,4000000.0000000005,86657.62176074434,307786.14192068164,394443.76368142595,396968.37083499064,Mexico,Abuelita
region: Mexico brand: Abuelita budget: 4100000,4100000.0000000005,87244.131494125,307916.4023119695,395160.5338060945,398723.47225318087,Mexico,Abuelita
region: Mexico brand: Abuelita budget: 4200000,4199999.9999999,87830.33272056702,308008.4164216779,395838.7491422449,400360.4859704159,Mexico,Abuelita
region: Mexico brand: Abuelita budget: 4300000,4300000.0,88416.22563892607,308078.74261027353,396494.9682491996,401887.3572284808,Mexico,Abuelita
region: Mexico brand: Abuelita budget: 4400000,4400000.000000001,89001.81044717663,308136.15428670705,397137.9647338837,403311.49669301463,Mexico,Abuelita
region: Mexico brand: Abuelita budget: 4500000,4499999.999997946,89587.08734362602,308185.5272930745,397772.61463670054,404639.81642114616,Mexico,Abuelita
region: Mexico brand: Abuelita budget: 4600000,4599999.999999968,90149.53605333543,307646.7324641637,397796.2685174991,405878.7634092685,Mexico,Abuelita
region: Mexico brand: Abuelita budget: 4700000,4700000.000000001,90756.71819325439,308270.338146746,399027.05634000036,407034.3508832589,Mexico,Abuelita
region: Mexico brand: Abuelita budget: 4800000,4799999.999999653,91341.07254207456,308308.5377647235,399649.610306798,408112.1874839112,Mexico,Abuelita
region: Mexico brand: Abuelita budget: 500000,500000.00000029564,23362.047491161182,104534.87133751836,127896.91882867954,124415.11697185077,Mexico,Abuelita
region: Mexico brand: Abuelita budget: 600000,600000.0000052016,27255.536543723556,119734.44684793708,146989.98339166064,144508.2966368121,Mexico,Abuelita
region: Mexico brand: Abuelita budget: 700000,700000.0000000306,30944.65868482538,133580.326418105,164524.98510293037,163249.55591118857,Mexico,Abuelita
region: Mexico brand: Abuelita budget: 800000,800000.0000000629,34443.09349742422,146238.48552919523,180681.57902661944,180729.85545064756,Mexico,Abuelita
region: Mexico brand: Abuelita budget: 900000,900000.000004333,37763.39713844616,157850.38096608847,195613.77810453463,197034.03584278494,Mexico,Abuelita
region: Brazil brand: Nescau budget: 100000,100000.00000000981,387137.2388995668,51344.4753311634,438481.7142307302,301163.7674086732,Brazil,Nescau
region: Brazil brand: Nescau budget: 1000000,1000000.0000000059,1461805.1045141814,947201.6094569089,2409006.7139710905,2369733.208545159,Brazil,Nescau
region: Brazil brand: Nescau budget: 1100000,1100000.000000002,1524832.7882474314,1028291.5781980793,2553124.3664455106,2541501.693421666,Brazil,Nescau
region: Brazil brand: Nescau budget: 1200000,1200000.0000000035,1580069.411881962,1111244.4547719352,2691313.8666538973,2703891.0500695,Brazil,Nescau
region: Brazil brand: Nescau budget: 1300000,1300000.0000000026,1633086.6080891287,1191435.882175047,2824522.4902641755,2857413.4099567286,Brazil,Nescau
region: Brazil brand: Nescau budget: 1400000,1400000.000000005,1684021.1270324183,1269011.0815704204,2953032.2086028387,3002552.9404769377,Brazil,Nescau
region: Brazil brand: Nescau budget: 1500000,1499999.9999999977,1732998.288948367,1344106.0902398333,3077104.3791882005,3139767.37188027,Brazil,Nescau
region: Brazil brand: Nescau budget: 1600000,1600000.0000000002,1780132.780840796,1416848.7367460474,3196981.517586843,3269489.4408291015,Brazil,Nescau
region: Brazil brand: Nescau budget: 1700000,1700000.000000017,1825530.8409492194,1487358.06312269,3312888.9040719094,3392128.25513065,Brazil,Nescau
region: Brazil brand: Nescau budget: 1800000,1799999.9999999919,1869289.8436160914,1555746.1972034015,3425036.040819493,3508070.58395069,Brazil,Nescau
region: Brazil brand: Nescau budget: 1900000,1899999.999999998,1911500.605139662,1622117.3686881708,3533617.973827833,3617682.077577587,Brazil,Nescau
region: Brazil brand: Nescau budget: 200000,200000.0000003859,649708.0300198627,121300.31124382069,771008.3412636834,585882.9955631528,Brazil,Nescau
region: Brazil brand: Nescau budget: 2000000,2000000.0000000007,1952246.793219799,1686569.699147788,3638816.492367587,3721308.4205826814,Brazil,Nescau
region: Brazil brand: Nescau budget: 2100000,2099999.999999989,1991605.7476067937,1749195.4699383648,3740801.217545158,3819276.4220147263,Brazil,Nescau
region: Brazil brand: Nescau budget: 2200000,2200000.0000000005,2029649.673003449,1810080.9174661955,3839730.5904696444,3911895.046065956,Brazil,Nescau
region: Brazil brand: Nescau budget: 2300000,2300000.000000016,2066756.076162298,1868993.526496093,3935749.602658391,3999456.3864602637,Brazil,Nescau
region: Brazil brand: Nescau budget: 2400000,2400000.0,2104766.2433689684,1923984.3596766137,4028750.603045582,4082236.587636697,Brazil,Nescau
region: Brazil brand: Nescau budget: 2500000,2499999.9999999995,2141457.33455391,1977273.363388114,4118730.697942024,4160496.715633316,Brazil,Nescau
region: Brazil brand: Nescau budget: 2600000,2600000.000000001,2176897.3205314693,2028942.9513043617,4205840.271835831,4234483.581417714,Brazil,Nescau
region: Brazil brand: Nescau budget: 2700000,2700000.0,2211001.815157526,2079209.1896158538,4290211.00477338,4304430.519261143,Brazil,Nescau
region: Brazil brand: Nescau budget: 2800000,2800000.0000000005,2253796.212861088,2117417.383344497,4371213.596205585,4370558.122610771,Brazil,Nescau
region: Brazil brand: Nescau budget: 2900000,2900000.0,2303342.957232544,2141610.192253059,4444953.149485603,4433074.939780864,Brazil,Nescau
region: Brazil brand: Nescau budget: 300000,300000.0000003132,794960.5591400833,257074.12569196324,1052034.6848320465,855055.6107742646,Brazil,Nescau
region: Brazil brand: Nescau budget: 3000000,3000000.0000000014,2347286.1071266388,2164391.3982773745,4511677.505404013,4492178.131656951,Brazil,Nescau
region: Brazil brand: Nescau budget: 3100000,3100000.0000002896,2386494.6238366705,2185878.9857001933,4572373.609536864,4548054.0934873065,Brazil,Nescau
region: Brazil brand: Nescau budget: 3200000,3199999.99999996,2421667.1381293247,2206178.272810395,4627845.4109397195,4600879.042721606,Brazil,Nescau
region: Brazil brand: Nescau budget: 3300000,3299999.9999999995,2453373.292752469,2225383.525660969,4678756.818413438,4650819.574754076,Brazil,Nescau
region: Brazil brand: Nescau budget: 3400000,3399999.9999991828,2482083.044673024,2243579.3403687757,4725662.385041799,4698033.188317507,Brazil,Nescau
region: Brazil brand: Nescau budget: 3500000,3500000.0000010952,2508187.9362567095,2260841.8301617745,4769029.766418484,4742668.782194367,Brazil,Nescau
region: Brazil brand: Nescau budget: 3600000,3599999.9999999995,2532016.8870641217,2277239.64731506,4809256.534379181,4784867.124796319,Brazil,Nescau
region: Brazil brand: Nescau budget: 3700000,3699999.9999999995,2553848.1605240926,2292834.8651456945,4846683.025669787,4824761.298117691,Brazil,Nescau
region: Brazil brand: Nescau budget: 3800000,3800000.0000008405,2573918.599176081,2307683.7411001395,4881602.340276221,4862477.117433236,Brazil,Nescau
region: Brazil brand: Nescau budget: 3900000,3900000.000000002,2592430.8666403373,2321837.378585365,4914268.245225702,4898133.528086199,Brazil,Nescau
region: Brazil brand: Nescau budget: 400000,400000.00000000076,924803.0775924183,377995.46659671457,1302798.5441891328,1109530.509604924,Brazil,Nescau
region: Brazil brand: Nescau budget: 4000000,3999999.999999999,2609559.2051309356,2335342.302364216,4944901.507495152,4931842.980611894,Brazil,Nescau
region: Brazil brand: Nescau budget: 4100000,4099999.999999999,2625454.0667692777,2348240.959993927,4973695.0267632045,4963711.785372755,Brazil,Nescau
region: Brazil brand: Nescau budget: 4200000,4199999.999999998,2640245.8762519206,2360572.159845649,5000818.036097569,4993840.447833577,Brazil,Nescau
region: Brazil brand: Nescau budget: 4300000,4299999.999999997,2654048.1137267565,2372371.4546120064,5026419.568338763,5022323.985527876,Brazil,Nescau
region: Brazil brand: Nescau budget: 4400000,4400000.000000001,2666959.8589501996,2383671.4778559366,5050631.336806136,5049252.227717103,Brazil,Nescau
region: Brazil brand: Nescau budget: 4500000,4500000.0,2679067.9038933283,2394502.2400167175,5073570.143910046,5074710.098687492,Brazil,Nescau
region: Brazil brand: Nescau budget: 4600000,4600000.000000005,2690448.5164462742,2404891.3893356505,5095339.905781925,5098777.885577953,Brazil,Nescau
region: Brazil brand: Nescau budget: 4700000,4699999.999999998,2701168.919812512,2414864.442361995,5116033.362174507,5121531.491583666,Brazil,Nescau
region: Brazil brand: Nescau budget: 4800000,4800000.000000001,2711288.5386587363,2424444.988024131,5135733.526682867,5143042.675333949,Brazil,Nescau
region: Brazil brand: Nescau budget: 4900000,4899999.999998932,2720860.052796691,2433654.868680203,5154514.921476894,5163379.27719905,Brazil,Nescau
region: Brazil brand: Nescau budget: 500000,500000.0000000025,1041709.8353627605,486540.830377938,1528250.6657406986,1350110.2360545953,Brazil,Nescau
region: Brazil brand: Nescau budget: 5000000,5000000.0,2729930.2912383224,2442514.341080568,5172444.63231889,5182605.43324113,Brazil,Nescau
region: Brazil brand: Nescau budget: 5100000,5100000.000001492,2738540.9932669266,2451042.2197623635,5189583.21302929,5200781.777479945,Brazil,Nescau
region: Brazil brand: Nescau budget: 5200000,5199999.999994365,2746729.458281662,2459256.0050526652,5205985.463334328,5217965.63311576,Brazil,Nescau
region: Brazil brand: Nescau budget: 5300000,5300000.000002251,2754529.102278815,2467171.9975612676,5221701.099840082,5234211.193317644,Brazil,Nescau
region: Brazil brand: Nescau budget: 5400000,5400000.000000001,2761969.9356910395,2474805.400775423,5236775.336466462,5249569.692120218,Brazil,Nescau
region: Brazil brand: Nescau budget: 5500000,5500000.000000001,2769078.974814287,2482170.413190086,5251249.388004373,5264089.5660160445,Brazil,Nescau
region: Brazil brand: Nescau budget: 5600000,5600000.000000005,2775880.5969488,2489280.3111736006,5265160.908122401,5277816.606702502,Brazil,Nescau
region: Brazil brand: Nescau budget: 5700000,5699999.999999964,2782396.8477407466,2496147.5236520953,5278544.371392842,5290794.105498943,Brazil,Nescau
region: Brazil brand: Nescau budget: 5800000,5800000.000000002,2788647.70780728,2502783.699534955,5291431.407342235,5303062.98987531,Brazil,Nescau
region: Brazil brand: Nescau budget: 5900000,5900000.000000002,2794651.3245985457,2509199.768696383,5303851.093294929,5314661.952526092,Brazil,Nescau
region: Brazil brand: Nescau budget: 600000,600000.0000000518,1147296.9917477334,585060.2919025681,1732357.2836503014,1577553.5125600465,Brazil,Nescau
region: Brazil brand: Nescau budget: 6000000,5999999.999999984,2800424.2145059765,2515405.997223239,5315830.211729215,5325627.573396511,Brazil,Nescau
region: Brazil brand: Nescau budget: 6100000,6100000.000000006,2805981.4394446476,2521412.037553293,5327393.476997941,5335994.435045623,Brazil,Nescau
region: Brazil brand: Nescau budget: 6200000,6200000.000000002,2811336.7614853946,2527226.974049476,5338563.735534871,5345795.231710192,Brazil,Nescau
region: Brazil brand: Nescau budget: 6300000,6300000.0000000065,2816502.7785732215,2532859.36450469,5349362.143077912,5355060.8724133745,Brazil,Nescau
region: Brazil brand: Nescau budget: 6400000,6400000.000000002,2821491.043897747,2538317.277965556,5359808.321863303,5363820.578443273,Brazil,Nescau
region: Brazil brand: Nescau budget: 6500000,6500000.000000021,2826312.171129679,2543608.3293099026,5369920.500439581,5372101.975508879,Brazil,Nescau
region: Brazil brand: Nescau budget: 6600000,6600000.000000006,2830975.9273787,2548739.710851374,5379715.638230074,5379931.180863954,Brazil,Nescau
region: Brazil brand: Nescau budget: 6700000,6699999.999999996,2835491.315485975,2553718.2212979463,5389209.536783921,5387332.885673708,Brazil,Nescau
region: Brazil brand: Nescau budget: 6800000,6800000.000000002,2839866.6470224373,2558550.2923163604,5398416.939338798,5394330.432883939,Brazil,Nescau
region: Brazil brand: Nescau budget: 6900000,6900000.00000001,2844109.6071737907,2563242.012936511,5407351.620110301,5400945.890838285,Brazil,Nescau
region: Brazil brand: Nescau budget: 700000,700000.000000079,1237215.3671604854,681997.0316996869,1919212.3988601724,1792577.6328003723,Brazil,Nescau
region: Brazil brand: Nescau budget: 7000000,7000000.000000002,2848227.3125247485,2567799.151992242,5416026.46451699,5407200.122875723,Brazil,Nescau
region: Brazil brand: Nescau budget: 7100000,7100000.000000005,2852226.3626253987,2572227.1788033387,5424453.541428737,5413112.853127817,Brazil,Nescau
region: Brazil brand: Nescau budget: 7200000,7200000.000000001,2856112.8860878213,2576531.282235773,5432644.168323594,5418702.728723216,Brazil,Nescau
region: Brazil brand: Nescau budget: 7300000,7299999.999999852,2859892.5818768973,2580716.388312722,5440608.97018962,5423987.378595568,Brazil,Nescau
region: Brazil brand: Nescau budget: 7400000,7399999.999999976,2863570.7563581425,2584787.1764901117,5448357.932848254,5428983.469080384,Brazil,Nescau
region: Brazil brand: Nescau budget: 7500000,7499999.999999917,2867152.3565996545,2588748.094723234,5455900.451322889,5433706.756476004,Brazil,Nescau
region: Brazil brand: Nescau budget: 7600000,7599999.999999992,2870642.000357844,2592603.3734275573,5463245.373785401,5438172.136734729,Brazil,Nescau
region: Brazil brand: Nescau budget: 7700000,7700000.000000045,2874044.0031229313,2596357.038430568,5470401.041553499,5442393.6924405,Brazil,Nescau
region: Brazil brand: Nescau budget: 7800000,7799999.999999902,2877362.4025524817,2600012.9229998663,5477375.325552348,5446384.73722153,Brazil,Nescau
region: Brazil brand: Nescau budget: 7900000,7900000.000000003,2880600.980580038,2603574.6790236128,5484175.659603651,5450157.857737854,Brazil,Nescau
region: Brazil brand: Nescau budget: 800000,800000.0000000738,1317136.980817169,776093.4750359338,2093230.4558531027,1995860.7238440146,Brazil,Nescau
region: Brazil brand: Nescau budget: 900000,899999.9999999993,1391821.303595989,864285.2391962282,2256106.5427922173,2188043.8847752493,Brazil,Nescau
region: France brand: Lion budget: 100000,100000.00000005848,202935.36410629182,227858.79497935702,430794.15908564883,299207.0699277996,France,Lion
region: France brand: Lion budget: 1000000,999999.9999999049,1111584.3269544663,1499411.816509315,2610996.143463781,2482967.302048696,France,Lion
region: France brand: Lion budget: 1100000,1100000.0000000005,1183686.401170671,1585998.7052719137,2769685.1064425847,2677310.2440600493,France,Lion
region: France brand: Lion budget: 1200000,1199999.9999977842,1254152.9894922036,1669246.5910007528,2923399.5804929566,2863445.424686707,France,Lion
region: France brand: Lion budget: 1300000,1300000.0000000002,1323034.5964018386,1749322.4444466978,3072357.0408485364,3041719.485533311,France,Lion
region: France brand: Lion budget: 1400000,1399999.9999998834,1389873.6190386117,1826899.7855145137,3216773.4045531256,3212464.4283301258,France,Lion
region: France brand: Lion budget: 1500000,1500000.0000000002,1454990.3579730717,1901661.3169791733,3356651.6749522453,3375998.233265073,France,Lion
region: France brand: Lion budget: 1600000,1599999.999999892,1518252.6858333799,1973816.389926976,3492069.075760356,3532625.451139413,France,Lion
region: France brand: Lion budget: 1700000,1699999.9999995248,1580202.2891971252,2043018.2815094176,3623220.5707065426,3682637.770542175,France,Lion
region: France brand: Lion budget: 1800000,1799999.9999995294,1639212.458024011,2111196.177399699,3750408.63542371,3826314.5610652124,France,Lion
region: France brand: Lion budget: 1900000,1899999.999999405,1697017.6647094872,2176917.534868373,3873935.1995778605,3963923.393573647,France,Lion
region: France brand: Lion budget: 200000,200000.00000910833,373986.18422363064,438130.25969446515,812116.4439180958,585777.6108260229,France,Lion
region: France brand: Lion budget: 2000000,2000000.0,1753525.8964459414,2240424.908748087,3993950.8051940287,4095720.538509565,France,Lion
region: France brand: Lion budget: 2100000,2100000.0000001295,1808839.6921122596,2301760.587708737,4110600.2798209963,4221951.443142726,France,Lion
region: France brand: Lion budget: 2200000,2199999.9999984726,1862997.787111899,2361022.962951805,4224020.750063704,4342851.188672502,France,Lion
region: France brand: Lion budget: 2300000,2299999.999995796,1916032.4002813476,2418310.178716688,4334342.578998036,4458644.928024707,France,Lion
region: France brand: Lion budget: 2400000,2399999.9999981676,1967813.704856917,2473881.812551131,4441695.517408048,4569548.305159329,France,Lion
region: France brand: Lion budget: 2500000,2500000.0,2018274.753903084,2527959.813677549,4546234.567580633,4675767.856647807,France,Lion
region: France brand: Lion budget: 2600000,2599999.9999999995,2067329.2382083212,2580794.171628038,4648123.409836359,4777501.396326924,France,Lion
region: France brand: Lion budget: 2700000,2700000.0,2115447.092786387,2632036.9239590676,4747484.016745455,4874938.383687571,France,Lion
region: France brand: Lion budget: 2800000,2799999.999995697,2162653.809935358,2681755.050195073,4844408.860130431,4968260.27669812,France,Lion
region: France brand: Lion budget: 2900000,2899999.999999968,2208972.9254242214,2730013.3123172997,4938986.237741521,5057640.869757212,France,Lion
region: France brand: Lion budget: 300000,300000.0,523036.7890030906,629281.9139095026,1152318.7029125933,860245.306085964,France,Lion
region: France brand: Lion budget: 3000000,3000000.0000000056,2254427.195130467,2776873.2864799956,5031300.481610462,5143246.617313805,France,Lion
region: France brand: Lion budget: 3100000,3100000.0000000023,2298722.995095376,2822710.680348168,5121433.675443544,5225236.943896131,France,Lion
region: France brand: Lion budget: 3200000,3200000.0000000107,2342263.1586427484,2867241.0305017936,5209504.189144542,5303764.540990426,France,Lion
region: France brand: Lion budget: 3300000,3300000.0000000023,2384832.191914479,2910757.7202525698,5295589.912167048,5378975.651403684,France,Lion
region: France brand: Lion budget: 3400000,3399999.999999994,2426683.209496698,2953075.6578899706,5379758.867386669,5451010.341613337,France,Lion
region: France brand: Lion budget: 3500000,3500000.0000000014,2467790.8099164297,2994284.0795143293,5462074.8894307595,5520002.76261457,France,Lion
region: France brand: Lion budget: 3600000,3599999.999999984,2508183.6644931524,3034415.4747719755,5542599.1392651275,5586081.399751144,France,Lion
region: France brand: Lion budget: 3700000,3700000.0000000005,2547878.4778060797,3073511.7366465344,5621390.214452614,5649369.311995184,France,Lion
region: France brand: Lion budget: 3800000,3799999.9999998724,2586895.3202623064,3111608.0233267797,5698503.343589086,5709984.361121025,France,Lion
region: France brand: Lion budget: 3900000,3900000.000000001,2625157.3893227126,3148840.0622854712,5773997.451608184,5768039.431200995,France,Lion
region: France brand: Lion budget: 400000,400000.00000380946,651253.4440689945,808244.6354552314,1459498.079524226,1123121.299998952,France,Lion
region: France brand: Lion budget: 4000000,3999999.9999999898,2662754.074930576,3185181.9586919975,5847936.033622574,5823642.638829842,France,Lion
region: France brand: Lion budget: 4100000,4099999.9999999152,2685617.280519739,3233378.0770327025,5918995.357552441,5876897.5344722085,France,Lion
region: France brand: Lion budget: 4200000,4199999.999999999,2706112.892515638,3279565.454499855,5985678.347015493,5927903.295305587,France,Lion
region: France brand: Lion budget: 4300000,4299999.999999998,2725455.6276439065,3322914.6164168376,6048370.244060744,5976754.909918756,France,Lion
region: France brand: Lion budget: 4400000,4399999.999999856,2743677.081728154,3363671.173181507,6107348.254909661,6023543.355210422,France,Lion
region: France brand: Lion budget: 4500000,4499999.99999933,2762173.891994557,3400100.843363241,6162274.735357798,6068355.765816315,France,Lion
region: France brand: Lion budget: 4600000,4599999.999998208,2779187.2839927734,3433416.023619536,6212603.307612309,6111275.596381084,France,Lion
region: France brand: Lion budget: 4700000,4699999.999999642,2794753.717418078,3463772.7449389463,6258526.462357024,6152382.776978141,France,Lion
region: France brand: Lion budget: 4800000,4800000.0,2808693.733336285,3490457.7937228684,6299151.527059154,6191753.861960103,France,Lion
region: France brand: Lion budget: 4900000,4900000.000000001,2820658.2555252532,3513249.8925061086,6333908.148031361,6229462.172531508,France,Lion
region: France brand: Lion budget: 500000,500000.0000000138,746406.7266275757,974575.3020196657,1720982.0286472414,1374895.1493622854,France,Lion
region: France brand: Lion budget: 5000000,5000000.0,2830930.937367272,3532912.3509393306,6363843.288306603,6265577.933293653,France,Lion
region: France brand: Lion budget: 5100000,5099999.999999852,2839813.392122906,3550047.1526942938,6389860.5448172,6300168.403024635,France,Lion
region: France brand: Lion budget: 5200000,5200000.0,2847545.524717686,3565128.5900357827,6412674.114753469,6333297.999936502,France,Lion
region: France brand: Lion budget: 5300000,5299999.999999969,2854319.171361172,3578532.4362914725,6432851.607652645,6365028.421641485,France,Lion
region: France brand: Lion budget: 5400000,5400000.0,2859725.307812185,3591033.9746040385,6450759.282416224,6395418.760052692,France,Lion
region: France brand: Lion budget: 5500000,5499999.999999999,2862930.9069666103,3602696.9117426984,6465627.818709308,6424525.611431277,France,Lion
region: France brand: Lion budget: 5600000,5599999.999999942,2865484.2666849988,3612577.6216763104,6478061.888361309,6452403.181786417,France,Lion
region: France brand: Lion budget: 5700000,5700000.0,2867564.1760718133,3621223.8458528705,6488788.021924684,6479103.387823777,France,Lion
region: France brand: Lion budget: 5800000,5800000.0,2869288.4366810247,3628952.5108063957,6498240.94748742,6504675.953630423,France,Lion
region: France brand: Lion budget: 5900000,5899999.999999682,2870739.238571046,3635957.728589757,6506696.967160802,6529168.503276617,France,Lion
region: France brand: Lion budget: 600000,599999.9999996608,808360.970520271,1113192.0852850534,1921553.0558053243,1616035.7354109066,France,Lion
region: France brand: Lion budget: 6000000,6000000.0,2871976.219617613,3642366.109105138,6514342.328722751,6552626.649506942,France,Lion
region: France brand: Lion budget: 6100000,6100000.0,2873043.8107241853,3648265.6671961416,6521309.477920327,6575094.078684678,France,Lion
region: France brand: Lion budget: 6200000,6199999.999999896,2873975.721270758,3653721.306919676,6527697.028190434,6596612.632150133,France,Lion
region: France brand: Lion budget: 6300000,6299999.999987454,2874797.8680505822,3658783.364779215,6533581.232829797,6617222.38413943,France,Lion
region: France brand: Lion budget: 700000,700000.0000000073,885055.9327664245,1217669.9714796557,2102725.90424608,1846992.1369008454,France,Lion
region: France brand: Lion budget: 800000,799999.9999969526,962245.7026553976,1315519.525879506,2277765.2285349034,2068194.4664675072,France,Lion
region: France brand: Lion budget: 900000,900000.0000000321,1037795.0975004941,1409308.3376978433,2447103.4351983373,2280054.671660767,France,Lion
region: Australia brand: Uncle Toby's budget: 100000,100000.00000105183,1431271.5693847036,1489785.703683462,2921057.2730681654,628938.3003802277,Australia,Uncle Toby's
region: Australia brand: Uncle Toby's budget: 1000000,1000000.0000000001,2242891.1880963324,2285264.135006642,4528155.323102974,4408176.252715859,Australia,Uncle Toby's
region: Australia brand: Uncle Toby's budget: 1100000,1099999.9999999998,2337916.096633812,2338872.269576472,4676788.366210284,4675215.064461447,Australia,Uncle Toby's
region: Australia brand: Uncle Toby's budget: 1200000,1200000.0000049162,2429737.26690598,2389790.0331245563,4819527.300030537,4920330.703488112,Australia,Uncle Toby's
region: Australia brand: Uncle Toby's budget: 1300000,1300000.0000000808,2516885.823224238,2439869.5953787873,4956755.418603025,5145323.003648571,Australia,Uncle Toby's
region: Australia brand: Uncle Toby's budget: 1400000,1400000.0000074005,2599705.4239524477,2489124.1403950634,5088829.564347511,5351844.037327011,Australia,Uncle Toby's
region: Australia brand: Uncle Toby's budget: 1500000,1500000.0000001793,2678508.0052760825,2537567.8037787993,5216075.809054881,5541410.246081021,Australia,Uncle Toby's
region: Australia brand: Uncle Toby's budget: 1600000,1600000.0,2753572.2280227826,2585220.3678073003,5338792.595830083,5715413.575762185,Australia,Uncle Toby's
region: Australia brand: Uncle Toby's budget: 1700000,1700000.0000016938,2825582.7719241246,2631669.0659916713,5457251.837915796,5875131.697137602,Australia,Uncle Toby's
region: Australia brand: Uncle Toby's budget: 1800000,1800000.0000006552,2893537.648190605,2678172.1844322253,5571709.83262283,6021737.387622199,Australia,Uncle Toby's
region: Australia brand: Uncle Toby's budget: 1900000,1900000.000001118,2957833.6167866853,2724634.413317947,5682468.0301046325,6156307.142752661,Australia,Uncle Toby's
region: Australia brand: Uncle Toby's budget: 200000,200000.00000206343,1537798.9458889978,1614105.5540140448,3151904.499903043,1206242.4472600364,Australia,Uncle Toby's
region: Australia brand: Uncle Toby's budget: 2000000,2000000.0,3013696.9900122564,2776633.506617326,5790330.496629583,6279829.080649182,Australia,Uncle Toby's
region: Australia brand: Uncle Toby's budget: 2100000,2100000.000000025,3063137.206902313,2832716.2540469947,5895853.460949307,6393210.197582468,Australia,Uncle Toby's
region: Australia brand: Uncle Toby's budget: 2200000,2200000.00000018,3111185.136248719,2887989.5437732795,5999174.6800219985,6497283.027849035,Australia,Uncle Toby's
region: Australia brand: Uncle Toby's budget: 2300000,2300000.000003159,3157893.6387255774,2942477.560198958,6100371.198924536,6592811.756908434,Australia,Uncle Toby's
region: Australia brand: Uncle Toby's budget: 2400000,2400000.0000015064,3203316.1544839246,2996200.326623394,6199516.481107319,6680497.832627296,Australia,Uncle Toby's
region: Australia brand: Uncle Toby's budget: 2500000,2500000.0000093747,3247620.864879204,3048908.367067649,6296529.231946853,6760985.115895409,Australia,Uncle Toby's
region: Australia brand: Uncle Toby's budget: 2600000,2600000.000001248,3290591.55371444,3100646.275820491,6391237.829534931,6834864.608313519,Australia,Uncle Toby's
region: Australia brand: Uncle Toby's budget: 2700000,2700000.0000000033,3332257.6873493036,3151472.7227049354,6483730.4100542385,6902678.791866545,Australia,Uncle Toby's
region: Australia brand: Uncle Toby's budget: 2800000,2800000.0000000014,3378545.000478798,3195451.046780456,6573996.047259254,6964925.612197443,Australia,Uncle Toby's
region: Australia brand: Uncle Toby's budget: 2900000,2900000.000000004,3426323.1578510827,3235470.4836411686,6661793.641492251,7022062.134946071,Australia,Uncle Toby's
region: Australia brand: Uncle Toby's budget: 300000,300000.00000024866,1655608.7886947296,1697383.7841287411,3352992.5728234705,1736151.4666252995,Australia,Uncle Toby's
region: Australia brand: Uncle Toby's budget: 3000000,3000000.000000002,3472358.866551266,3274853.1995047424,6747212.066056008,7074507.901885648,Australia,Uncle Toby's
region: Australia brand: Uncle Toby's budget: 3100000,3100000.000008063,3516750.044909014,3313612.639255011,6830362.684164025,7122648.011534851,Australia,Uncle Toby's
region: Australia brand: Uncle Toby's budget: 3200000,3200000.000003125,3559587.803182477,3351761.7201010725,6911349.52328355,7166835.946839978,Australia,Uncle Toby's
region: Australia brand: Uncle Toby's budget: 3300000,3300000.0000032466,3600956.171713588,3389313.7124285037,6990269.8841420915,7207396.170759655,Australia,Uncle Toby's
region: Australia brand: Uncle Toby's budget: 3400000,3400000.0000038864,3640933.75640133,3426281.1340961372,7067214.8904974675,7244626.508700898,Australia,Uncle Toby's
region: Australia brand: Uncle Toby's budget: 3500000,3500000.0000004135,3672265.4183022953,3469531.564608457,7141796.982910752,7278800.335401215,Australia,Uncle Toby's
region: Australia brand: Uncle Toby's budget: 3600000,3599999.999999989,3695422.292343563,3517651.289928787,7213073.58227235,7310168.58226673,Australia,Uncle Toby's
region: Australia brand: Uncle Toby's budget: 3700000,3699999.999999997,3717397.1816961323,3563965.7118722303,7281362.893568363,7338961.579902537,Australia,Uncle Toby's
region: Australia brand: Uncle Toby's budget: 3800000,3800000.000000299,3738288.1704563084,3608581.5502630165,7346869.720719324,7365390.749387479,Australia,Uncle Toby's
region: Australia brand: Uncle Toby's budget: 3900000,3900000.000001499,3758182.1662820866,3651596.9836736573,7409779.149955744,7389650.154695073,Australia,Uncle Toby's
region: Australia brand: Uncle Toby's budget: 400000,400000.0000006583,1761713.458108159,1777288.8616497342,3539002.319757893,2222556.3717980674,Australia,Uncle Toby's
region: Australia brand: Uncle Toby's budget: 4000000,3999999.999997821,3777156.835485099,3693102.1791156475,7470259.014600746,7411917.927663892,Australia,Uncle Toby's
region: Australia brand: Uncle Toby's budget: 4100000,4100000.0000005118,3795282.483078788,3733179.5094650956,7528461.992543884,7432357.575988292,Australia,Uncle Toby's
region: Australia brand: Uncle Toby's budget: 4200000,4199999.999996654,3803821.216576347,3777132.8362462735,7580954.052822621,7451119.183813027,Australia,Uncle Toby's
region: Australia brand: Uncle Toby's budget: 4300000,4300000.0,3822532.683550412,3797155.152295057,7619687.835845469,7468340.51378069,Australia,Uncle Toby's
region: Australia brand: Uncle Toby's budget: 4400000,4399999.99999945,3836959.609187554,3806894.1224784497,7643853.731666004,7484148.018584771,Australia,Uncle Toby's
region: Australia brand: Uncle Toby's budget: 4500000,4500000.000000001,3847231.3666575537,3814012.412328606,7661243.77898616,7498657.769493268,Australia,Uncle Toby's
region: Australia brand: Uncle Toby's budget: 4600000,4600000.0,3853969.02464723,3820959.1160914255,7674928.140738655,7511976.3086322695,Australia,Uncle Toby's
region: Australia brand: Uncle Toby's budget: 4700000,4700000.000000001,3859690.20109465,3826992.474775373,7686682.675870024,7524201.431304379,Australia,Uncle Toby's
region: Australia brand: Uncle Toby's budget: 4800000,4800000.0,3865514.8441233328,3831129.7780827098,7696644.6222060425,7535422.904079158,Australia,Uncle Toby's
region: Australia brand: Uncle Toby's budget: 4900000,4900000.000000001,3870532.7229440697,3834711.7528762757,7705244.475820346,7545723.123930724,Australia,Uncle Toby's
region: Australia brand: Uncle Toby's budget: 500000,500000.0000035234,1856804.921831421,1859657.3172160678,3716462.239047489,2669028.7342794496,Australia,Uncle Toby's
region: Australia brand: Uncle Toby's budget: 5000000,5000000.0,3874941.8619810785,3837871.8579389933,7712813.719920072,7555177.723261845,Australia,Uncle Toby's
region: Australia brand: Uncle Toby's budget: 5100000,5100000.0,3878874.796011981,3840699.444052214,7719574.240064194,7563856.12525716,Australia,Uncle Toby's
region: Australia brand: Uncle Toby's budget: 5200000,5200000.0,3882424.8256421285,3843257.270169364,7725682.095811492,7571822.053643399,Australia,Uncle Toby's
region: Australia brand: Uncle Toby's budget: 5300000,5300000.000004306,3885660.1584282606,3845591.383797362,7731251.542225623,7579134.000599943,Australia,Uncle Toby's
region: Australia brand: Uncle Toby's budget: 5400000,5400000.0,3888542.080765787,3847827.2328623715,7736369.3136281585,7585845.656253395,Australia,Uncle Toby's
region: Australia brand: Uncle Toby's budget: 5500000,5500000.0,3890054.5399334384,3851160.6894853385,7741215.229418777,7592006.302916197,Australia,Uncle Toby's
region: Australia brand: Uncle Toby's budget: 5600000,5600000.000000001,3892702.0575868343,3853071.305048333,7745773.362635167,7597661.176953526,Australia,Uncle Toby's
region: Australia brand: Uncle Toby's budget: 5700000,5699999.999999999,3895170.9621001137,3854851.860649105,7750022.822749219,7602851.800946156,Australia,Uncle Toby's
region: Australia brand: Uncle Toby's budget: 5800000,5799999.999999973,3897483.938065139,3856518.485308865,7754002.423374005,7607616.288581954,Australia,Uncle Toby's
region: Australia brand: Uncle Toby's budget: 5900000,5900000.000000001,3899659.6028420166,3858084.5857976675,7757744.188639684,7611989.6245168885,Australia,Uncle Toby's
region: Australia brand: Uncle Toby's budget: 600000,600000.0000002682,1935306.2537323665,1952704.9360218905,3888011.189754257,3078846.9090614486,Australia,Uncle Toby's
region: Australia brand: Uncle Toby's budget: 6000000,6000000.000000001,3901713.6627310812,3859561.013187968,7761274.675919049,7616003.921260165,Australia,Uncle Toby's
region: Australia brand: Uncle Toby's budget: 6100000,6099999.999999523,3903646.750584333,3860944.922066431,7764591.672650764,7619688.654969801,Australia,Uncle Toby's
region: Australia brand: Uncle Toby's budget: 6200000,6199999.999999961,3905452.4210830224,3862235.3633864997,7767687.784469523,7623070.881890085,Australia,Uncle Toby's
region: Australia brand: Uncle Toby's budget: 6300000,6299999.999999999,3907146.048907362,3863444.696332288,7770590.74523965,7626175.437019867,Australia,Uncle Toby's
region: Australia brand: Uncle Toby's budget: 6400000,6399999.999999822,3908740.796362823,3864582.6597953793,7773323.456158202,7629025.116471023,Australia,Uncle Toby's
region: Australia brand: Uncle Toby's budget: 6500000,6499999.999999999,3910168.6395712974,3865554.7159479093,7775723.355519207,7631640.84485558,Australia,Uncle Toby's
region: Australia brand: Uncle Toby's budget: 6600000,6600000.000000001,3911676.6742346743,3866674.509890758,7778351.184125433,7634041.828930808,Australia,Uncle Toby's
region: Australia brand: Uncle Toby's budget: 6700000,6700000.0,3913031.758452489,3867626.521238961,7780658.27969145,7636245.698630565,Australia,Uncle Toby's
region: Australia brand: Uncle Toby's budget: 6800000,6800000.0,3914308.2545663686,3868523.0905140135,7782831.345080382,7638268.636518246,Australia,Uncle Toby's
region: Australia brand: Uncle Toby's budget: 6900000,6900000.000000001,3915514.1771764145,3869369.9171501556,7784884.094326571,7640125.49661205,Australia,Uncle Toby's
region: Australia brand: Uncle Toby's budget: 700000,700000.0000010475,2010268.8775583277,2044510.733479878,4054779.6110382057,3455020.107029257,Australia,Uncle Toby's
region: Australia brand: Uncle Toby's budget: 7000000,7000000.000000001,3916658.60726595,3870174.2128582736,7786832.820124224,7641829.913454976,Australia,Uncle Toby's
region: Australia brand: Uncle Toby's budget: 7100000,7099999.999999599,3917745.9328124374,3870938.4923700467,7788684.425182484,7643394.402230482,Australia,Uncle Toby's
region: Australia brand: Uncle Toby's budget: 7200000,7199999.999998883,3918782.0768525368,3871667.162053744,7790449.238906281,7644830.45065892,Australia,Uncle Toby's
region: Australia brand: Uncle Toby's budget: 800000,800000.0000058521,2083044.6306974532,2133917.14145868,4216961.772156133,3800310.4908539862,Australia,Uncle Toby's
region: Australia brand: Uncle Toby's budget: 900000,900000.0000063084,2164585.439133519,2210034.8576878915,4374620.29682141,4117253.4570087935,Australia,Uncle Toby's
